Distance_km,PathLoss_dB,SINR_dB,Scenario
0.1,91.2583330689493,56.507596137754376,3GPP UMa (2 GHz)
0.1748743718592965,103.56051583726597,44.20541336943771,3GPP UMa (2 GHz)
0.24974874371859299,110.95116774658328,36.814761460120394,3GPP UMa (2 GHz)
0.3246231155778895,116.01649765709341,31.749431549610264,3GPP UMa (2 GHz)
0.39949748743718594,119.85552519291183,27.910404013791847,3GPP UMa (2 GHz)
0.4743718592964824,122.96193088685288,24.80399831985079,3GPP UMa (2 GHz)
0.549246231155779,125.58118295656845,22.18474625013522,3GPP UMa (2 GHz)
0.6241206030150754,127.850047089225,19.915882117478674,3GPP UMa (2 GHz)
0.6989949748743719,129.85289336820915,17.913035838494523,3GPP UMa (2 GHz)
0.7738693467336684,131.646052615057,16.119876591646687,3GPP UMa (2 GHz)
0.8487437185929648,133.26935798820887,14.496571218494807,3GPP UMa (2 GHz)
0.9236180904522614,134.75217052536047,13.013758681343205,3GPP UMa (2 GHz)
0.9984924623115579,136.11681408519527,11.649115121508402,3GPP UMa (2 GHz)
1.0733668341708544,137.38067865038607,10.385250556317601,3GPP UMa (2 GHz)
1.148241206030151,138.55758096977104,9.208348236932636,3GPP UMa (2 GHz)
1.2231155778894474,139.65868236313017,8.107246843573506,3GPP UMa (2 GHz)
1.297989949748744,140.6931283160381,7.072800890665576,3GPP UMa (2 GHz)
1.3728643216080405,141.66850607388287,6.097423132820808,3GPP UMa (2 GHz)
1.4477386934673369,142.5911792983653,5.174749908338384,3GPP UMa (2 GHz)
1.5226130653266334,143.46653747779155,4.299391728912127,3GPP UMa (2 GHz)
1.5974874371859298,144.2991849036918,3.4667443030118648,3GPP UMa (2 GHz)
1.6723618090452264,145.09308597418317,2.6728432325205063,3GPP UMa (2 GHz)
1.747236180904523,145.85167839695424,1.9142508097494328,3GPP UMa (2 GHz)
1.8221105527638193,146.57796243777253,1.1879667689311475,3GPP UMa (2 GHz)
1.8969849246231159,147.27457204703418,0.4913571596694908,3GPP UMa (2 GHz)
1.9718592964824124,147.94383210521684,-0.17790289851316743,3GPP UMa (2 GHz)
2.046733668341709,148.5878049141753,-0.8218757074716336,3GPP UMa (2 GHz)
2.1216080402010054,149.20832826950982,-1.442399062806146,3GPP UMa (2 GHz)
2.196482412060302,149.8070468785507,-2.0411176718470188,3GPP UMa (2 GHz)
2.2713567839195985,150.3854384717772,-2.619509265073532,3GPP UMa (2 GHz)
2.3462311557788946,150.94483564752696,-3.178906440823283,3GPP UMa (2 GHz)
2.421105527638191,151.48644425974155,-3.7205150530378717,3GPP UMa (2 GHz)
2.4959798994974878,152.01135898477472,-4.245429778071042,3GPP UMa (2 GHz)
2.5708542713567843,152.52057657088363,-4.754647364179959,3GPP UMa (2 GHz)
2.645728643216081,153.01500717219818,-5.249077965494507,3GPP UMa (2 GHz)
2.720603015075377,153.49548408999988,-5.729554883296203,3GPP UMa (2 GHz)
2.7954773869346736,153.96277218242233,-6.196842975718653,3GPP UMa (2 GHz)
2.87035175879397,154.41757515509053,-6.651645948386857,3GPP UMa (2 GHz)
2.9452261306532668,154.8605419066836,-7.094612699979933,3GPP UMa (2 GHz)
3.0201005025125633,155.29227207265737,-7.526342865953694,3GPP UMa (2 GHz)
3.0949748743718595,155.7133208856663,-7.947391678962617,3GPP UMa (2 GHz)
3.169849246231156,156.12420345127947,-8.358274244575796,3GPP UMa (2 GHz)
3.2447236180904526,156.52539852138287,-8.759469314679194,3GPP UMa (2 GHz)
3.319597989949749,156.91735183442896,-9.151422627725282,3GPP UMa (2 GHz)
3.3944723618090458,157.30047908083932,-9.53454987413565,3GPP UMa (2 GHz)
3.4693467336683423,157.6751685429128,-9.909239336209112,3GPP UMa (2 GHz)
3.5442211055276385,158.0417834511753,-10.275854244471617,3GPP UMa (2 GHz)
3.619095477386935,158.4006640929398,-10.634734886236117,3GPP UMa (2 GHz)
3.6939698492462316,158.752129703689,-10.986200496985333,3GPP UMa (2 GHz)
3.768844221105528,159.09648016757367,-11.33055096087,3GPP UMa (2 GHz)
3.8437185929648248,159.4339975496781,-11.668068342974436,3GPP UMa (2 GHz)
3.918592964824121,159.76494747963136,-11.999018272927685,3GPP UMa (2 GHz)
3.9934673366834175,160.08958040353545,-12.323651196831776,3GPP UMa (2 GHz)
4.068341708542714,160.408132718964,-12.642203512260323,3GPP UMa (2 GHz)
4.14321608040201,160.72082780589233,-12.954898599188652,3GPP UMa (2 GHz)
4.218090452261307,161.0278769647999,-13.261947758096227,3GPP UMa (2 GHz)
4.292964824120603,161.32948027179467,-13.56355106509099,3GPP UMa (2 GHz)
4.3678391959799,161.62582735941132,-13.859898152707643,3GPP UMa (2 GHz)
4.4427135678391965,161.91709813070102,-14.151168923997346,3GPP UMa (2 GHz)
4.517587939698492,162.2034634133349,-14.437534206631227,3GPP UMa (2 GHz)
4.592462311557789,162.4850855596667,-14.719156352963012,3GPP UMa (2 GHz)
4.667336683417085,162.76211899802348,-14.996189791319807,3GPP UMa (2 GHz)
4.742211055276382,163.0347107399044,-15.268781533200723,3GPP UMa (2 GHz)
4.817085427135678,163.3030008472505,-15.537071640546827,3GPP UMa (2 GHz)
4.891959798994975,163.56712286349946,-15.801193656795789,3GPP UMa (2 GHz)
4.966834170854272,163.82720421174014,-16.061275005036464,3GPP UMa (2 GHz)
5.041708542713568,164.08336656293426,-16.317437356230585,3GPP UMa (2 GHz)
5.116582914572865,164.33572617686565,-16.569796970161974,3GPP UMa (2 GHz)
5.191457286432161,164.58439421820387,-16.818465011500194,3GPP UMa (2 GHz)
5.266331658291458,164.8294770498311,-17.063547843127424,3GPP UMa (2 GHz)
5.341206030150754,165.0710765053659,-17.305147298662234,3GPP UMa (2 GHz)
5.41608040201005,165.30929014262944,-17.54336093592576,3GPP UMa (2 GHz)
5.490954773869347,165.54421147963063,-17.77828227292696,3GPP UMa (2 GHz)
5.565829145728643,165.77593021449806,-18.010001007794386,3GPP UMa (2 GHz)
5.64070351758794,166.00453243064948,-18.238603223945802,3GPP UMa (2 GHz)
5.715577889447236,166.23010078837325,-18.464171581669575,3GPP UMa (2 GHz)
5.790452261306533,166.45271470388698,-18.68678549718331,3GPP UMa (2 GHz)
5.86532663316583,166.67245051684245,-18.90652131013877,3GPP UMa (2 GHz)
5.940201005025126,166.8893816471599,-19.12345244045622,3GPP UMa (2 GHz)
6.015075376884423,167.10357874199732,-19.33764953529365,3GPP UMa (2 GHz)
6.089949748743718,167.31510981358957,-19.549180606885898,3GPP UMa (2 GHz)
6.164824120603015,167.5240403686293,-19.758111161925626,3GPP UMa (2 GHz)
6.239698492462312,167.7304335298055,-19.964504323101835,3GPP UMa (2 GHz)
6.314572864321608,167.93435015006233,-20.168420943358655,3GPP UMa (2 GHz)
6.389447236180905,168.13584892009604,-20.369919713392363,3GPP UMa (2 GHz)
6.464321608040201,168.3349864695635,-20.569057262859815,3GPP UMa (2 GHz)
6.539195979899498,168.53181746243936,-20.76588825573569,3GPP UMa (2 GHz)
6.614070351758794,168.72639468692282,-20.960465480219142,3GPP UMa (2 GHz)
6.688944723618091,168.91876914026332,-21.152839933559648,3GPP UMa (2 GHz)
6.763819095477388,169.1089901088464,-21.343060902142724,3GPP UMa (2 GHz)
6.838693467336684,169.29710524385285,-21.53117603714918,3GPP UMa (2 GHz)
6.91356783919598,169.48316063278338,-21.717231426079707,3GPP UMa (2 GHz)
6.988442211055276,169.66720086711473,-21.901271660411055,3GPP UMa (2 GHz)
7.063316582914573,169.8492691063372,-22.08333989963353,3GPP UMa (2 GHz)
7.13819095477387,170.0294071386028,-22.263477931899132,3GPP UMa (2 GHz)
7.213065326633166,170.20765543819692,-22.44172623149325,3GPP UMa (2 GHz)
7.287939698492463,170.38405322003112,-22.618124013327446,3GPP UMa (2 GHz)
7.362814070351759,170.55863849134036,-22.792709284636686,3GPP UMa (2 GHz)
7.437688442211056,170.73144810075516,-22.965518894051485,3GPP UMa (2 GHz)
7.512562814070352,170.90251778490693,-23.13658857820326,3GPP UMa (2 GHz)
7.587437185929649,171.07188221271363,-23.305953006009958,3GPP UMa (2 GHz)
7.662311557788946,171.23957502748272,-23.47364582077904,3GPP UMa (2 GHz)
7.737185929648241,171.4056288869603,-23.639699680256626,3GPP UMa (2 GHz)
7.812060301507538,171.57007550144385,-23.80414629474018,3GPP UMa (2 GHz)
7.886934673366834,171.73294567007102,-23.967016463367344,3GPP UMa (2 GHz)
7.961809045226131,171.89426931538813,-24.128340108684455,3GPP UMa (2 GHz)
8.036683417085428,172.0540755162944,-24.28814630959073,3GPP UMa (2 GHz)
8.111557788944724,172.21239253945384,-24.44646333275017,3GPP UMa (2 GHz)
8.18643216080402,172.36924786925857,-24.603318662554898,3GPP UMa (2 GHz)
8.261306532663317,172.52466823642348,-24.758739029719806,3GPP UMa (2 GHz)
8.336180904522614,172.67867964528662,-24.912750438582947,3GPP UMa (2 GHz)
8.41105527638191,172.83130739988434,-25.065378193180663,3GPP UMa (2 GHz)
8.485929648241207,172.98257612886735,-25.216646922163676,3GPP UMa (2 GHz)
8.560804020100504,173.13250980931886,-25.366580602615187,3GPP UMa (2 GHz)
8.6356783919598,173.28113178953146,-25.515202582827783,3GPP UMa (2 GHz)
8.710552763819097,173.4284648107982,-25.66253560409453,3GPP UMa (2 GHz)
8.785427135678393,173.57453102826756,-25.808601821563883,3GPP UMa (2 GHz)
8.86030150753769,173.7193520309108,-25.953422824207138,3GPP UMa (2 GHz)
8.935175879396985,173.86294886064627,-26.097019653942596,3GPP UMa (2 GHz)
9.010050251256281,174.00534203066312,-26.23941282395944,3GPP UMa (2 GHz)
9.084924623115578,174.14655154298447,-26.380622336280794,3GPP UMa (2 GHz)
9.159798994974874,174.28659690530722,-26.520667698603546,3GPP UMa (2 GHz)
9.234673366834171,174.42549714715454,-26.65956794045087,3GPP UMa (2 GHz)
9.309547738693468,174.56327083537357,-26.797341628669898,3GPP UMa (2 GHz)
9.384422110552764,174.69993608901106,-26.934006882307386,3GPP UMa (2 GHz)
9.45929648241206,174.83551059359533,-27.069581386891656,3GPP UMa (2 GHz)
9.534170854271357,174.9700116148541,-27.204082408150413,3GPP UMa (2 GHz)
9.609045226130654,175.1034560118935,-27.33752680518984,3GPP UMa (2 GHz)
9.68391959798995,175.23586024986474,-27.46993104316107,3GPP UMa (2 GHz)
9.758793969849247,175.3672404121406,-27.60131120543693,3GPP UMa (2 GHz)
9.833668341708544,175.49761221202562,-27.73168300532194,3GPP UMa (2 GHz)
9.90854271356784,175.62699100402114,-27.86106179731746,3GPP UMa (2 GHz)
9.983417085427137,175.7553917946642,-27.98946258796053,3GPP UMa (2 GHz)
10.058291457286433,175.882829252961,-28.116900046257314,3GPP UMa (2 GHz)
10.13316582914573,176.0093177204317,-28.243388513728036,3GPP UMa (2 GHz)
10.208040201005026,176.13487122078507,-28.368942014081398,3GPP UMa (2 GHz)
10.282914572864323,176.25950346923784,-28.493574262534167,3GPP UMa (2 GHz)
10.35778894472362,176.3832278814954,-28.617298674791726,3GPP UMa (2 GHz)
10.432663316582916,176.5060575824081,-28.740128375704415,3GPP UMa (2 GHz)
10.507537688442211,176.62800541431693,-28.862076207613256,3GPP UMa (2 GHz)
10.582412060301507,176.74908394510223,-28.983154738398554,3GPP UMa (2 GHz)
10.657286432160804,176.8693054759477,-29.103376269244023,3GPP UMa (2 GHz)
10.7321608040201,176.98868204883195,-29.222752842128273,3GPP UMa (2 GHz)
10.807035175879397,177.10722545375864,-29.34129624705497,3GPP UMa (2 GHz)
10.881909547738694,177.2249472357369,-29.459018029033217,3GPP UMa (2 GHz)
10.95678391959799,177.3418587015208,-29.57592949481713,3GPP UMa (2 GHz)
11.031658291457287,177.45797092611966,-29.692041719415982,3GPP UMa (2 GHz)
11.106532663316584,177.57329475908676,-29.80736555238309,3GPP UMa (2 GHz)
11.18140703517588,177.68784083059683,-29.921911623893152,3GPP UMa (2 GHz)
11.256281407035177,177.80161955731944,-30.035690350615766,3GPP UMa (2 GHz)
11.331155778894473,177.9146411480981,-30.148711941394424,3GPP UMa (2 GHz)
11.40603015075377,178.02691560944086,-30.26098640273719,3GPP UMa (2 GHz)
11.480904522613066,178.13845275083136,-30.372523544127688,3GPP UMa (2 GHz)
11.555778894472363,178.2492621898668,-30.483332983163137,3GPP UMa (2 GHz)
11.63065326633166,178.35935335722925,-30.59342415052558,3GPP UMa (2 GHz)
11.705527638190956,178.46873550149718,-30.702806294793504,3GPP UMa (2 GHz)
11.780402010050253,178.57741769380306,-30.811488487099382,3GPP UMa (2 GHz)
11.85527638190955,178.6854088323433,-30.91947962563964,3GPP UMa (2 GHz)
11.930150753768846,178.79271764674556,-31.026788440041884,3GPP UMa (2 GHz)
12.005025125628142,178.8993527022992,-31.133423495595537,3GPP UMa (2 GHz)
12.079899497487437,179.0053224040539,-31.23939319735024,3GPP UMa (2 GHz)
12.154773869346734,179.11063500079095,-31.344705794087275,3GPP UMa (2 GHz)
12.22964824120603,179.21529858887308,-31.449369382169408,3GPP UMa (2 GHz)
12.304522613065327,179.31932111597553,-31.553391909271852,3GPP UMa (2 GHz)
12.379396984924623,179.4227103847044,-31.656781178000728,3GPP UMa (2 GHz)
12.45427135678392,179.52547405610517,-31.759544849401493,3GPP UMa (2 GHz)
12.529145728643217,179.627619653066,-31.86169044636233,3GPP UMa (2 GHz)
12.604020100502513,179.72915456361943,-31.963225356915757,3GPP UMa (2 GHz)
12.67889447236181,179.8300860441459,-32.064156837442226,3GPP UMa (2 GHz)
12.753768844221106,179.93042122248264,-32.16449201577896,3GPP UMa (2 GHz)
12.828643216080403,180.0301671009417,-32.26423789423802,3GPP UMa (2 GHz)
12.9035175879397,180.1293305592397,-32.363401352536016,3GPP UMa (2 GHz)
12.978391959798996,180.22791835734228,-32.4619891506386,3GPP UMa (2 GHz)
13.053266331658293,180.3259371382274,-32.56000793152373,3GPP UMa (2 GHz)
13.12814070351759,180.42339343056855,-32.65746422386488,3GPP UMa (2 GHz)
13.203015075376886,180.52029365134186,-32.754364444638185,3GPP UMa (2 GHz)
13.277889447236182,180.61664410835934,-32.850714901655664,3GPP UMa (2 GHz)
13.352763819095479,180.7124510027305,-32.946521796026815,3GPP UMa (2 GHz)
13.427638190954776,180.80772043125546,-33.04179122455179,3GPP UMa (2 GHz)
13.502512562814072,180.90245838875057,-33.1365291820469,3GPP UMa (2 GHz)
13.577386934673369,180.99667077031035,-33.23074156360667,3GPP UMa (2 GHz)
13.652261306532665,181.09036337350662,-33.324434166802945,3GPP UMa (2 GHz)
13.72713567839196,181.18354190052756,-33.417612693823884,3GPP UMa (2 GHz)
13.802010050251257,181.2762119602583,-33.510282753554634,3GPP UMa (2 GHz)
13.876884422110553,181.36837907030517,-33.60244986360149,3GPP UMa (2 GHz)
13.95175879396985,181.4600486589654,-33.69411945226173,3GPP UMa (2 GHz)
14.026633165829146,181.55122606714394,-33.78529686044027,3GPP UMa (2 GHz)
14.101507537688443,181.641916550219,-33.875987343515334,3GPP UMa (2 GHz)
14.17638190954774,181.7321252798585,-33.96619607315483,3GPP UMa (2 GHz)
14.251256281407036,181.82185734578778,-34.0559281390841,3GPP UMa (2 GHz)
14.326130653266333,181.9111177575119,-34.14518855080823,3GPP UMa (2 GHz)
14.40100502512563,181.99991144599224,-34.233982239288565,3GPP UMa (2 GHz)
14.475879396984926,182.0882432652794,-34.32231405857573,3GPP UMa (2 GHz)
14.550753768844222,182.17611799410471,-34.41018878740104,3GPP UMa (2 GHz)
14.625628140703519,182.26354033743,-34.49761113072631,3GPP UMa (2 GHz)
14.700502512562815,182.3505149279579,-34.58458572125423,3GPP UMa (2 GHz)
14.775376884422112,182.437046327604,-34.671117120900334,3GPP UMa (2 GHz)
14.850251256281409,182.5231390289315,-34.75720982222782,3GPP UMa (2 GHz)
14.925125628140705,182.60879745654944,-34.842868249845765,3GPP UMa (2 GHz)
15.0,182.6940259684764,-34.928096761772736,3GPP UMa (2 GHz)
0.1,114.18089378251406,33.58503542418961,3GPP UMa (28 GHz)
0.1748743718592965,126.48307655083073,21.282852655872944,3GPP UMa (28 GHz)
0.24974874371859299,133.87372846014804,13.89220074655563,3GPP UMa (28 GHz)
0.3246231155778895,138.9390583706582,8.826870836045487,3GPP UMa (28 GHz)
0.39949748743718594,142.77808590647658,4.987843300227098,3GPP UMa (28 GHz)
0.4743718592964824,145.88449160041765,1.8814376062860276,3GPP UMa (28 GHz)
0.549246231155779,148.50374367013322,-0.7378144634295438,3GPP UMa (28 GHz)
0.6241206030150754,150.77260780278976,-3.00667859608609,3GPP UMa (28 GHz)
0.6989949748743719,152.77545408177392,-5.009524875070241,3GPP UMa (28 GHz)
0.7738693467336684,154.56861332862178,-6.802684121918105,3GPP UMa (28 GHz)
0.8487437185929648,156.19191870177366,-8.425989495069985,3GPP UMa (28 GHz)
0.9236180904522614,157.67473123892523,-9.908802032221558,3GPP UMa (28 GHz)
0.9984924623115579,159.03937479876004,-11.273445592056362,3GPP UMa (28 GHz)
1.0733668341708544,160.30323936395084,-12.537310157247163,3GPP UMa (28 GHz)
1.148241206030151,161.48014168333577,-13.714212476632099,3GPP UMa (28 GHz)
1.2231155778894474,162.5812430766949,-14.815313869991229,3GPP UMa (28 GHz)
1.297989949748744,163.6156890296029,-15.849759822899216,3GPP UMa (28 GHz)
1.3728643216080405,164.59106678744766,-16.825137580743984,3GPP UMa (28 GHz)
1.4477386934673369,165.51374001193005,-17.74781080522638,3GPP UMa (28 GHz)
1.5226130653266334,166.3890981913563,-18.623168984652636,3GPP UMa (28 GHz)
1.5974874371859298,167.2217456172566,-19.455816410552927,3GPP UMa (28 GHz)
1.6723618090452264,168.01564668774793,-20.249717481044257,3GPP UMa (28 GHz)
1.747236180904523,168.77423911051898,-21.008309903815302,3GPP UMa (28 GHz)
1.8221105527638193,169.5005231513373,-21.734593944633616,3GPP UMa (28 GHz)
1.8969849246231159,170.19713276059895,-22.431203553895273,3GPP UMa (28 GHz)
1.9718592964824124,170.8663928187816,-23.10046361207793,3GPP UMa (28 GHz)
2.046733668341709,171.51036562774007,-23.744436421036397,3GPP UMa (28 GHz)
2.1216080402010054,172.13088898307458,-24.36495977637091,3GPP UMa (28 GHz)
2.196482412060302,172.72960759211546,-24.963678385411782,3GPP UMa (28 GHz)
2.2713567839195985,173.30799918534197,-25.542069978638295,3GPP UMa (28 GHz)
2.3462311557788946,173.86739636109175,-26.101467154388075,3GPP UMa (28 GHz)
2.421105527638191,174.40900497330634,-26.643075766602664,3GPP UMa (28 GHz)
2.4959798994974878,174.9339196983395,-27.167990491635834,3GPP UMa (28 GHz)
2.5708542713567843,175.4431372844484,-27.677208077744723,3GPP UMa (28 GHz)
2.645728643216081,175.93756788576295,-28.17163867905927,3GPP UMa (28 GHz)
2.720603015075377,176.41804480356464,-28.652115596860966,3GPP UMa (28 GHz)
2.7954773869346736,176.8853328959871,-29.119403689283416,3GPP UMa (28 GHz)
2.87035175879397,177.34013586865527,-29.574206661951592,3GPP UMa (28 GHz)
2.9452261306532668,177.78310262024837,-30.017173413544697,3GPP UMa (28 GHz)
3.0201005025125633,178.21483278622213,-30.448903579518458,3GPP UMa (28 GHz)
3.0949748743718595,178.63588159923103,-30.869952392527352,3GPP UMa (28 GHz)
3.169849246231156,179.04676416484423,-31.28083495814056,3GPP UMa (28 GHz)
3.2447236180904526,179.44795923494763,-31.682030028243958,3GPP UMa (28 GHz)
3.319597989949749,179.8399125479937,-32.07398334129002,3GPP UMa (28 GHz)
3.3944723618090458,180.2230397944041,-32.45711058770041,3GPP UMa (28 GHz)
3.4693467336683423,180.59772925647755,-32.831800049773875,3GPP UMa (28 GHz)
3.5442211055276385,180.96434416474008,-33.19841495803641,3GPP UMa (28 GHz)
3.619095477386935,181.32322480650458,-33.55729559980091,3GPP UMa (28 GHz)
3.6939698492462316,181.67469041725377,-33.9087612105501,3GPP UMa (28 GHz)
3.768844221105528,182.01904088113847,-34.25311167443479,3GPP UMa (28 GHz)
3.8437185929648248,182.35655826324287,-34.5906290565392,3GPP UMa (28 GHz)
3.918592964824121,182.68750819319612,-34.92157898649245,3GPP UMa (28 GHz)
3.9934673366834175,183.0121411171002,-35.24621191039654,3GPP UMa (28 GHz)
4.068341708542714,183.33069343252876,-35.56476422582509,3GPP UMa (28 GHz)
4.14321608040201,183.6433885194571,-35.877459312753416,3GPP UMa (28 GHz)
4.218090452261307,183.95043767836464,-36.18450847166096,3GPP UMa (28 GHz)
4.292964824120603,184.25204098535943,-36.486111778655754,3GPP UMa (28 GHz)
4.3678391959799,184.54838807297608,-36.78245886627241,3GPP UMa (28 GHz)
4.4427135678391965,184.83965884426576,-37.07372963756208,3GPP UMa (28 GHz)
4.517587939698492,185.12602412689964,-37.36009492019596,3GPP UMa (28 GHz)
4.592462311557789,185.40764627323145,-37.641717066527775,3GPP UMa (28 GHz)
4.667336683417085,185.68467971158825,-37.91875050488457,3GPP UMa (28 GHz)
4.742211055276382,185.95727145346916,-38.19134224676549,3GPP UMa (28 GHz)
4.817085427135678,186.22556156081527,-38.45963235411159,3GPP UMa (28 GHz)
4.891959798994975,186.48968357706423,-38.72375437036055,3GPP UMa (28 GHz)
4.966834170854272,186.7497649253049,-38.98383571860123,3GPP UMa (28 GHz)
5.041708542713568,187.00592727649905,-39.23999806979538,3GPP UMa (28 GHz)
5.116582914572865,187.25828689043038,-39.49235768372671,3GPP UMa (28 GHz)
5.191457286432161,187.50695493176863,-39.74102572506496,3GPP UMa (28 GHz)
5.266331658291458,187.75203776339586,-39.98610855669219,3GPP UMa (28 GHz)
5.341206030150754,187.99363721893067,-40.227708012227,3GPP UMa (28 GHz)
5.41608040201005,188.23185085619417,-40.4659216494905,3GPP UMa (28 GHz)
5.490954773869347,188.4667721931954,-40.70084298649172,3GPP UMa (28 GHz)
5.565829145728643,188.69849092806282,-40.93256172135915,3GPP UMa (28 GHz)
5.64070351758794,188.92709314421427,-41.161163937510594,3GPP UMa (28 GHz)
5.715577889447236,189.15266150193798,-41.38673229523431,3GPP UMa (28 GHz)
5.790452261306533,189.37527541745175,-41.60934621074807,3GPP UMa (28 GHz)
5.86532663316583,189.59501123040718,-41.829082023703506,3GPP UMa (28 GHz)
5.940201005025126,189.81194236072466,-42.04601315402098,3GPP UMa (28 GHz)
6.015075376884423,190.0261394555621,-42.260210248858414,3GPP UMa (28 GHz)
6.089949748743718,190.23767052715436,-42.47174132045069,3GPP UMa (28 GHz)
6.164824120603015,190.44660108219406,-42.68067187549039,3GPP UMa (28 GHz)
6.239698492462312,190.65299424337024,-42.88706503666657,3GPP UMa (28 GHz)
6.314572864321608,190.85691086362712,-43.09098165692345,3GPP UMa (28 GHz)
6.389447236180905,191.05840963366077,-43.2924804269571,3GPP UMa (28 GHz)
6.464321608040201,191.25754718312822,-43.49161797642455,3GPP UMa (28 GHz)
6.539195979899498,191.45437817600413,-43.68844896930045,3GPP UMa (28 GHz)
6.614070351758794,191.64895540048758,-43.883026193783905,3GPP UMa (28 GHz)
6.688944723618091,191.84132985382809,-44.07540064712441,3GPP UMa (28 GHz)
6.763819095477388,192.03155082241113,-44.26562161570746,3GPP UMa (28 GHz)
6.838693467336684,192.21966595741765,-44.45373675071397,3GPP UMa (28 GHz)
6.91356783919598,192.40572134634817,-44.6397921396445,3GPP UMa (28 GHz)
6.988442211055276,192.5897615806795,-44.82383237397582,3GPP UMa (28 GHz)
7.063316582914573,192.771829819902,-45.00590061319832,3GPP UMa (28 GHz)
7.13819095477387,192.95196785216757,-45.186038645463896,3GPP UMa (28 GHz)
7.213065326633166,193.13021615176172,-45.36428694505804,3GPP UMa (28 GHz)
7.287939698492463,193.30661393359588,-45.54068472689221,3GPP UMa (28 GHz)
7.362814070351759,193.48119920490512,-45.71526999820145,3GPP UMa (28 GHz)
7.437688442211056,193.65400881431992,-45.88807960761625,3GPP UMa (28 GHz)
7.512562814070352,193.8250784984717,-46.05914929176802,3GPP UMa (28 GHz)
7.587437185929649,193.9944429262784,-46.22851371957472,3GPP UMa (28 GHz)
7.662311557788946,194.16213574104748,-46.396206534343804,3GPP UMa (28 GHz)
7.737185929648241,194.3281896005251,-46.56226039382142,3GPP UMa (28 GHz)
7.812060301507538,194.4926362150086,-46.72670700830491,3GPP UMa (28 GHz)
7.886934673366834,194.65550638363578,-46.88957717693211,3GPP UMa (28 GHz)
7.961809045226131,194.8168300289529,-47.05090082224922,3GPP UMa (28 GHz)
8.036683417085428,194.97663622985917,-47.21070702315549,3GPP UMa (28 GHz)
8.111557788944724,195.1349532530186,-47.369024046314934,3GPP UMa (28 GHz)
8.18643216080402,195.29180858282334,-47.52587937611966,3GPP UMa (28 GHz)
8.261306532663317,195.44722894998822,-47.68129974328454,3GPP UMa (28 GHz)
8.336180904522614,195.60124035885138,-47.83531115214771,3GPP UMa (28 GHz)
8.41105527638191,195.75386811344907,-47.9879389067454,3GPP UMa (28 GHz)
8.485929648241207,195.9051368424321,-48.13920763572844,3GPP UMa (28 GHz)
8.560804020100504,196.05507052288363,-48.28914131617995,3GPP UMa (28 GHz)
8.6356783919598,196.20369250309622,-48.437763296392546,3GPP UMa (28 GHz)
8.710552763819097,196.35102552436294,-48.585096317659264,3GPP UMa (28 GHz)
8.785427135678393,196.49709174183232,-48.73116253512865,3GPP UMa (28 GHz)
8.86030150753769,196.64191274447558,-48.8759835377719,3GPP UMa (28 GHz)
8.935175879396985,196.78550957421103,-49.01958036750736,3GPP UMa (28 GHz)
9.010050251256281,196.9279027442279,-49.16197353752423,3GPP UMa (28 GHz)
9.084924623115578,197.0691122565492,-49.30318304984553,3GPP UMa (28 GHz)
9.159798994974874,197.20915761887198,-49.44322841216831,3GPP UMa (28 GHz)
9.234673366834171,197.3480578607193,-49.582128654015634,3GPP UMa (28 GHz)
9.309547738693468,197.48583154893834,-49.71990234223466,3GPP UMa (28 GHz)
9.384422110552764,197.62249680257582,-49.85656759587215,3GPP UMa (28 GHz)
9.45929648241206,197.7580713071601,-49.99214210045642,3GPP UMa (28 GHz)
9.534170854271357,197.89257232841882,-50.12664312171515,3GPP UMa (28 GHz)
9.609045226130654,198.0260167254583,-50.26008751875463,3GPP UMa (28 GHz)
9.68391959798995,198.1584209634295,-50.39249175672583,3GPP UMa (28 GHz)
9.758793969849247,198.28980112570534,-50.523871919001664,3GPP UMa (28 GHz)
9.833668341708544,198.42017292559038,-50.654243718886704,3GPP UMa (28 GHz)
9.90854271356784,198.5495517175859,-50.783622510882225,3GPP UMa (28 GHz)
9.983417085427137,198.67795250822897,-50.912023301525295,3GPP UMa (28 GHz)
10.058291457286433,198.80538996652575,-51.03946075982208,3GPP UMa (28 GHz)
10.13316582914573,198.93187843399645,-51.16594922729277,3GPP UMa (28 GHz)
10.208040201005026,199.05743193434984,-51.29150272764616,3GPP UMa (28 GHz)
10.282914572864323,199.1820641828026,-51.41613497609893,3GPP UMa (28 GHz)
10.35778894472362,199.30578859506014,-51.53985938835646,3GPP UMa (28 GHz)
10.432663316582916,199.42861829597283,-51.66268908926915,3GPP UMa (28 GHz)
10.507537688442211,199.5505661278817,-51.78463692117802,3GPP UMa (28 GHz)
10.582412060301507,199.671644658667,-51.90571545196332,3GPP UMa (28 GHz)
10.657286432160804,199.79186618951246,-52.02593698280879,3GPP UMa (28 GHz)
10.7321608040201,199.9112427623967,-52.145313555693036,3GPP UMa (28 GHz)
10.807035175879397,200.02978616732338,-52.263856960619705,3GPP UMa (28 GHz)
10.881909547738694,200.14750794930166,-52.38157874259798,3GPP UMa (28 GHz)
10.95678391959799,200.26441941508557,-52.498490208381895,3GPP UMa (28 GHz)
11.031658291457287,200.38053163968445,-52.614602432980774,3GPP UMa (28 GHz)
11.106532663316584,200.49585547265153,-52.72992626594785,3GPP UMa (28 GHz)
11.18140703517588,200.61040154416162,-52.844472337457944,3GPP UMa (28 GHz)
11.256281407035177,200.7241802708842,-52.95825106418053,3GPP UMa (28 GHz)
11.331155778894473,200.83720186166286,-53.07127265495919,3GPP UMa (28 GHz)
11.40603015075377,200.94947632300563,-53.18354711630195,3GPP UMa (28 GHz)
11.480904522613066,201.06101346439613,-53.29508425769245,3GPP UMa (28 GHz)
11.555778894472363,201.1718229034316,-53.40589369672793,3GPP UMa (28 GHz)
11.63065326633166,201.28191407079404,-53.51598486409037,3GPP UMa (28 GHz)
11.705527638190956,201.39129621506194,-53.62536700835827,3GPP UMa (28 GHz)
11.780402010050253,201.49997840736782,-53.734049200664145,3GPP UMa (28 GHz)
11.85527638190955,201.60796954590808,-53.8420403392044,3GPP UMa (28 GHz)
11.930150753768846,201.71527836031035,-53.949349153606676,3GPP UMa (28 GHz)
12.005025125628142,201.821913415864,-54.05598420916033,3GPP UMa (28 GHz)
12.079899497487437,201.92788311761868,-54.161953910915,3GPP UMa (28 GHz)
12.154773869346734,202.03319571435568,-54.26726650765201,3GPP UMa (28 GHz)
12.22964824120603,202.13785930243785,-54.37193009573417,3GPP UMa (28 GHz)
12.304522613065327,202.2418818295403,-54.475952622836616,3GPP UMa (28 GHz)
12.379396984924623,202.34527109826917,-54.57934189156549,3GPP UMa (28 GHz)
12.45427135678392,202.44803476966993,-54.68210556296626,3GPP UMa (28 GHz)
12.529145728643217,202.55018036663077,-54.784251159927095,3GPP UMa (28 GHz)
12.604020100502513,202.6517152771842,-54.88578607048052,3GPP UMa (28 GHz)
12.67889447236181,202.75264675771066,-54.98671755100699,3GPP UMa (28 GHz)
12.753768844221106,202.8529819360474,-55.087052729343725,3GPP UMa (28 GHz)
12.828643216080403,202.95272781450646,-55.186798607802785,3GPP UMa (28 GHz)
12.9035175879397,203.05189127280445,-55.28596206610078,3GPP UMa (28 GHz)
12.978391959798996,203.15047907090704,-55.384549864203365,3GPP UMa (28 GHz)
13.053266331658293,203.2484978517922,-55.48256864508852,3GPP UMa (28 GHz)
13.12814070351759,203.3459541441333,-55.58002493742961,3GPP UMa (28 GHz)
13.203015075376886,203.44285436490662,-55.67692515820295,3GPP UMa (28 GHz)
13.277889447236182,203.53920482192407,-55.7732756152204,3GPP UMa (28 GHz)
13.352763819095479,203.63501171629528,-55.86908250959161,3GPP UMa (28 GHz)
13.427638190954776,203.73028114482022,-55.96435193811655,3GPP UMa (28 GHz)
13.502512562814072,203.82501910231537,-56.05908989561169,3GPP UMa (28 GHz)
13.577386934673369,203.9192314838751,-56.153302277171434,3GPP UMa (28 GHz)
13.652261306532665,204.01292408707138,-56.24699488036771,3GPP UMa (28 GHz)
13.72713567839196,204.10610261409232,-56.34017340738865,3GPP UMa (28 GHz)
13.802010050251257,204.19877267382307,-56.4328434671194,3GPP UMa (28 GHz)
13.876884422110553,204.2909397838699,-56.52501057716623,3GPP UMa (28 GHz)
13.95175879396985,204.38260937253017,-56.616680165826494,3GPP UMa (28 GHz)
14.026633165829146,204.4737867807087,-56.70785757400503,3GPP UMa (28 GHz)
14.101507537688443,204.56447726378377,-56.7985480570801,3GPP UMa (28 GHz)
14.17638190954774,204.65468599342327,-56.8887567867196,3GPP UMa (28 GHz)
14.251256281407036,204.7444180593525,-56.97848885264884,3GPP UMa (28 GHz)
14.326130653266333,204.8336784710767,-57.06774926437302,3GPP UMa (28 GHz)
14.40100502512563,204.92247215955697,-57.1565429528533,3GPP UMa (28 GHz)
14.475879396984926,205.01080397884417,-57.24487477214049,3GPP UMa (28 GHz)
14.550753768844222,205.0986787076695,-57.33274950096583,3GPP UMa (28 GHz)
14.625628140703519,205.18610105099472,-57.42017184429105,3GPP UMa (28 GHz)
14.700502512562815,205.27307564152267,-57.50714643481899,3GPP UMa (28 GHz)
14.775376884422112,205.35960704116877,-57.5936778344651,3GPP UMa (28 GHz)
14.850251256281409,205.44569974249626,-57.679770535792585,3GPP UMa (28 GHz)
14.925125628140705,205.5313581701142,-57.76542896341053,3GPP UMa (28 GHz)
15.0,205.61658668204117,-57.8506574753375,3GPP UMa (28 GHz)
